"Main_gene_name","frequency"
"F8",472
"SCN1A",405
"FBN1",393
"ABCA4",228
"PAH",222
"MYH7",200
"SCN5A",190
"GJB1",189
"ATP7B",184
"GLA",180
"GBA",171
"AR",169
"RYR1",156
"NPC1",150
"CFTR",148
"COL4A5",145
"COL1A1",141
"CPS1",140
"F9",139
"RET",139
"ABCD1",138
"GALT",134
"LMNA",134
"VHL",133
"GAA",131
"KCNQ1",131
"GALNS",126
"IDS",126
"MMUT",125
"KCNH2",117
"SLC12A3",117
"ALPL",111
"OTC",111
"SMPD1",111
"TYR",111
"BTK",110
"NOTCH3",110
"CASR",109
"BEST1",108
"F7",108
"GCK",107
"LDLR",104
"CBS",103
"COL3A1",103
"PKLR",101
"GLB1",99
"PSEN1",99
"ABCC8",97
"ARSA",97
"MEN1",96
"PKHD1",93
"PKD1",92
"MPZ",90
"ELANE",89
"HMBS",89
"PROS1",89
"ABCC6",87
"ASS1",86
"MLH1",85
"NF1",85
"AVPR2",84
"SERPINC1",84
"ACTA1",83
"TP53",83
"ACVRL1",82
"COL1A2",81
"CRB1",81
"SHH",81
"SOD1",79
"SCN2A",78
"COL7A1",77
"SPAST",77
"TTR",75
"FGFR1",74
"PLP1",74
"POLG",73
"SLC22A5",73
"SLC26A4",73
"ABCB4",72
"FGFR2",72
"LPL",70
"MSH2",70
"USH2A",70
"RHO",69
"EDA",68
"HGD",68
"NAGLU",68
"L1CAM",67
"CYP21A2",66
"PMM2",66
"RS1",66
"CYBB",65
"SCN4A",65
"TGM1",65
"INSR",64
"MYBPC3",64
"COL2A1",63
"GFAP",62
"HPRT1",62
"NPHS1",62
"NDP",61
"OPA1",60
"PTPN11",60
"ASL",59
"CNGA3",59
"COMP",59
"LRP5",59
"F11",58
"G6PD",58
"GCDH",58
"MYOC",58
"CDH23",57
"CHST6",57
"IDUA",57
"MTM1",57
"PPOX",56
"SGSH",56
"DYSF",55
"UGT1A1",55
"CLCN1",54
"G6PC",54
"DHCR7",53
"MTHFR",53
"TSC2",53
"CAPN3",52
"JAG1",52
"MCCC2",52
"NPHS2",51
"CHD7",50
"CYP11B1",50
"DCX",50
"GJA1",50
"KRT5",50
"MEFV",50
"MYO7A",50
"HEXA",49
"SLC3A1",49
"RYR2",48
"SLC2A1",48
"MECP2",47
"RUNX2",47
"BRCA2",46
"CACNA1A",46
"GJB2",46
"KCNJ11",46
"WT1",46
"IRF6",45
"SMCHD1",45
"THAP1",45
"ATM",44
"GALC",44
"PRPH2",44
"RPE65",44
"TRPV4",44
"ADAMTS13",43
"TMEM67",43
"VWF",43
"ASPA",42
"CFH",42
"HNF1A",42
"SLC4A11",42
"ATP2A2",41
"KRT14",41
"OCRL",41
"PTEN",41
"AGXT",40
"CYP1B1",40
"MAN2B1",40
"SERPING1",40
"AVP",39
"BRAF",39
"OCA2",39
"SLC4A1",39
"TSHR",39
"UROD",39
"WFS1",39
"BCHE",38
"GCH1",38
"MVK",38
"PAX6",38
"RAG1",38
"SOS1",38
"TH",38
"TWNK",38
"UMOD",38
"ACADVL",37
"ATP7A",37
"FGFR3",37
"KCNQ2",37
"NIPBL",37
"NLRP3",37
"PMP22",37
"TPP1",37
"CDKN2A",36
"GNE",36
"GUSB",36
"PCDH19",36
"PROC",36
"BRCA1",35
"DES",35
"DYNC2H1",35
"ERCC2",35
"KIF1A",35
"GPR143",34
"ITGA2B",34
"LCAT",34
"SLC7A9",34
"ATRX",33
"CREBBP",33
"ENPP1",33
"IL2RG",33
"MCCC1",33
"THRB",33
"ABCA1",32
"ATP1A3",32
"CD40LG",32
"CLCN5",32
"COL4A1",32
"ENG",32
"FKRP",32
"FOXC1",32
"GRIN2A",32
"GUCY2D",32
"KLHL3",32
"SIX3",32
"SLC37A4",32
"SMARCA2",32
"IGHMBP2",31
"PRKN",31
"CTNS",30
"FBN2",30
"INF2",30
"ITGB3",30
"LMX1B",30
"PANK2",30
"PHEX",30
"PIK3CA",30
"SQSTM1",30
"TERT",30
"WAS",30
"ARSB",29
"ATP8B1",29
"CLCN7",29
"CTSC",29
"EIF2B5",29
"FLNA",29
"MC4R",29
"SGCA",29
"TECTA",29
"AQP2",28
"GNAS",28
"HSD3B2",28
"NMNAT1",28
"OAT",28
"PAX3",28
"SCN8A",28
"TP63",28
"ADA",27
"ADSL",27
"FANCA",27
"KRAS",27
"SRY",27
"TARDBP",27
"ALDH3A2",26
"CYP17A1",26
"F10",26
"FOXL2",26
"LZTR1",26
"SLC26A3",26
"STAT1",26
"ALG1",25
"CAV3",25
"FRMD7",25
"GNPTAB",25
"GREB1L",25
"HGSNAT",25
"LHCGR",25
"MUTYH",25
"NTRK1",25
"PCCB",25
"RPGR",25
"SACS",25
"SCN9A",25
"TGFBR2",25
"TMPRSS6",25
"ALAS2",24
"BBS10",24
"CLN6",24
"DKC1",24
"GDF5",24
"GPI",24
"KRT6A",24
"NR5A1",24
"PAX2",24
"PINK1",24
"PTS",24
"TPO",24
"FECH",23
"HLCS",23
"HNF1B",23
"LRRK2",23
"NEU1",23
"PPT1",23
"RPS19",23
"TGFBI",23
"TPM3",23
"APC",22
"CC2D2A",22
"DNM2",22
"FAS",22
"GATA4",22
"GLDC",22
"IKBKG",22
"INS",22
"MKKS",22
"MMAA",22
"NHLRC1",22
"RAF1",22
"RB1",22
"ABCB11",21
"BBS2",21
"BCS1L",21
"CPT2",21
"DYNC1H1",21
"G6PC3",21
"GAN",21
"HUWE1",21
"KIT",21
"KRT9",21
"PDHA1",21
"SLC45A2",21
"SPTA1",21
"SRD5A2",21
"TNNI3",21
"TNNT2",21
"UROS",21
"ZIC2",21
"ATP2C1",20
"CACNA1F",20
"CSF1R",20
"FAH",20
"FOXF1",20
"FUS",20
"HSPB1",20
"KRT1",20
"MET",20
"MFN2",20
"NOG",20
"NPR2",20
"POMGNT1",20
"SETX",20
"SLC16A2",20
"SMC1A",20
"STXBP1",20
"TPM2",20
"ACADM",19
"AIRE",19
"ATL1",19
"BMPR2",19
"CACNA1H",19
"CDKL5",19
"DOK7",19
"EFNB1",19
"EPM2A",19
"FLNB",19
"FZD4",19
"GHR",19
"GJA3",19
"GMPPB",19
"HMGCL",19
"HMGCS2",19
"SDHB",19
"SH2D1A",19
"STAT3",19
"UBIAD1",19
"VKORC1",19
"ALOX12B",18
"CHD3",18
"CLDN16",18
"COL10A1",18
"CYP27B1",18
"DDX3X",18
"EDAR",18
"GAMT",18
"GLRA1",18
"HRAS",18
"KCNA1",18
"KRT12",18
"KRT17",18
"MTOR",18
"NR0B1",18
"PNPLA6",18
"PRNP",18
"PTCH1",18
"RDH5",18
"SETBP1",18
"SLC7A7",18
"SMN1",18
"SOX9",18
"TREX1",18
"UBR1",18
"APP",17
"ARMC5",17
"COQ2",17
"EFHC1",17
"F13A1",17
"GUCA1A",17
"LGI1",17
"MAPT",17
"MYH9",17
"MYPN",17
"NPHP4",17
"PHKA2",17
"PRKAR1A",17
"PYGM",17
"SLC20A2",17
"SLC25A1",17
"ACTA2",16
"ACTG1",16
"ALDOB",16
"ALK",16
"CLN8",16
"CPOX",16
"DNMT3A",16
"DNMT3B",16
"EYS",16
"FBLN5",16
"FSHR",16
"GALE",16
"GARS1",16
"GATA6",16
"GNB1",16
"HCN1",16
"KRT10",16
"KRT16",16
"MATN3",16
"MFSD8",16
"MPV17",16
"NF2",16
"NR2E3",16
"NYX",16
"PCCA",16
"PRODH",16
"PROKR2",16
"PRPS1",16
"QDPR",16
"SUMF1",16
"TBC1D24",16
"VCP",16
"ABCC9",15
"ALDH18A1",15
"ANOS1",15
"C19orf12",15
"CPT1A",15
"ERCC4",15
"EYA1",15
"GH1",15
"GNAO1",15
"HSD17B3",15
"INPP5E",15
"ITGB2",15
"KRT2",15
"MLC1",15
"NOD2",15
"POLR3A",15
"POMT2",15
"PORCN",15
"TGFBR1",15
"ABCA12",14
"ADAMTSL2",14
"AFG3L2",14
"ANG",14
"ASAH1",14
"CACNA1C",14
"CACNA1E",14
"COCH",14
"COL6A3",14
"CRLF1",14
"CTNNB1",14
"DMD",14
"EARS2",14
"ECHS1",14
"FLT4",14
"GDF6",14
"GNRHR",14
"GSS",14
"HADHB",14
"HJV",14
"HSD11B2",14
"ITGB4",14
"IVD",14
"KIF5A",14
"MMACHC",14
"MPL",14
"MYH3",14
"MYO5B",14
"NCF2",14
"NR3C2",14
"NRAS",14
"NSD1",14
"OSGEP",14
"OTOF",14
"PEX1",14
"PHYH",14
"PIGA",14
"RNASEH2B",14
"RTEL1",14
"SKI",14
"SLC25A15",14
"SLC6A19",14
"SOX10",14
"STIM1",14
"TCF4",14
"VDR",14
"BMP15",13
"CFI",13
"CHEK2",13
"CHRNE",13
"COL4A3",13
"COL6A1",13
"F12",13
"FH",13
"FHL1",13
"GFPT1",13
"GLUD1",13
"GRIN1",13
"KCNJ1",13
"KLHL40",13
"KMT2D",13
"MPI",13
"PDE6B",13
"PGM1",13
"PITX2",13
"POLR1C",13
"POU1F1",13
"RPS6KA3",13
"SAMHD1",13
"SCNN1B",13
"SGCB",13
"SGCE",13
"TUBB8",13
"ACAD9",12
"ACTG2",12
"ADAR",12
"AGA",12
"AIFM1",12
"ALDH5A1",12
"APOE",12
"BBS1",12
"C3",12
"CANT1",12
"CHRNA1",12
"CLN5",12
"COQ8A",12
"CRPPA",12
"CTSA",12
"CYBA",12
"DNAH5",12
"ETFDH",12
"EXT1",12
"GABRG2",12
"GRIN2B",12
"KCNJ2",12
"KCNT1",12
"MAT1A",12
"NEFL",12
"NR3C1",12
"PDE4D",12
"PIEZO1",12
"PRSS1",12
"SLC40A1",12
"SLC6A8",12
"SLCO2A1",12
"STUB1",12
"TBK1",12
"TNFRSF1A",12
"TRPM1",12
"TRPM4",12
"TUBB3",12
"TULP1",12
"ABCB6",11
"ACTC1",11
"AMT",11
"BCKDHA",11
"CARD14",11
"CLCN4",11
"CLPB",11
"CYP7B1",11
"DARS2",11
"DCTN1",11
"EGR2",11
"EPHB4",11
"ERCC6",11
"EZH2",11
"GALK1",11
"GATM",11
"GDAP1",11
"HEPACAM",11
"HFE",11
"HSD17B10",11
"HTRA1",11
"KIF21A",11
"LAMA2",11
"LDHB",11
"LRP4",11
"MNX1",11
"NNT",11
"OXCT1",11
"PEX6",11
"PLA2G6",11
"SELENON",11
"SI",11
"SMARCAL1",11
"SNRNP200",11
"SUOX",11
"SURF1",11
"TBCD",11
"TK2",11
"TSC1",11
"TTC21B",11
"TUBB2B",11
"WDR19",11
"ABCG8",10
"ACADS",10
"ACAT1",10
"ADA2",10
"ALDH1A3",10
"AMPD3",10
"BBS12",10
"BICD2",10
"CHAT",10
"COL6A2",10
"CTRC",10
"DHODH",10
"DLD",10
"DYNC2I2",10
"ELAC2",10
"F2",10
"FKTN",10
"FOXP3",10
"GPIHBP1",10
"IFNGR1",10
"IFT140",10
"KCNH1",10
"KDM5C",10
"LONP1",10
"MAF",10
"MAFB",10
"MOCS1",10
"NBAS",10
"NRL",10
"PKD2",10
"POLH",10
"POMT1",10
"POU4F3",10
"RBM20",10
"RDH12",10
"RP2",10
"SDHD",10
"SEMA3A",10
"SLC22A12",10
"SLC46A1",10
"SLC52A2",10
"SLC52A3",10
"SPATA5",10
"TEK",10
"TGFB1",10
"TOE1",10
"TRIO",10
"TRPC6",10
"TTN",10
"WNT10A",10
"ZIC3",10
"ACAD8",9
"ACSF3",9
"ACTN2",9
"ADGRG1",9
"AMH",9
"APTX",9
"ARG1",9
"ARSL",9
"ARX",9
"ATP13A2",9
"ATP1A2",9
"ATP6V1B1",9
"B3GALT6",9
"BBS4",9
"BTD",9
"CCN6",9
"CDAN1",9
"CDKN3",9
"CLN3",9
"CTC1",9
"CYB5R3",9
"DDC",9
"EBF3",9
"EBP",9
"EDNRB",9
"EIF2B2",9
"ETHE1",9
"EXT2",9
"FAM20C",9
"GABRB3",9
"GATA5",9
"GBE1",9
"GJA8",9
"GP1BA",9
"HEXB",9
"HOXD13",9
"IFIH1",9
"KCNE1",9
"LAMB2",9
"MAX",9
"MBTPS2",9
"MC2R",9
"MLH3",9
"NALCN",9
"NLRP7",9
"PC",9
"PCSK9",9
"PFKM",9
"PGK1",9
"PMS2",9
"POR",9
"POT1",9
"PPA2",9
"PYCR1",9
"RIT1",9
"RRM2B",9
"SAMD9",9
"SCN11A",9
"SCO2",9
"SIAE",9
"SLC25A4",9
"SLC26A2",9
"SLC34A1",9
"SLC39A4",9
"STK11",9
"TBX5",9
"THBD",9
"TTC7A",9
"UBQLN2",9
"ACP5",8
"ACTN4",8
"ACVR1",8
"AICDA",8
"ALDH7A1",8
"AMHR2",8
"APRT",8
"BLM",8
"BMPR1A",8
"CALM2",8
"CLCN2",8
"CLRN1",8
"CNGB3",8
"COL11A1",8
"COL4A4",8
"COQ8B",8
"CYP4V2",8
"DARS1",8
"DSPP",8
"FARSB",8
"FBXO11",8
"FGG",8
"FLVCR2",8
"FMO3",8
"FN1",8
"FXN",8
"GALNT12",8
"GGCX",8
"HARS1",8
"IFT172",8
"IGFALS",8
"KCNJ10",8
"KCTD1",8
"KRT86",8
"L2HGDH",8
"MARS1",8
"MMP21",8
"MTTP",8
"NBEAL2",8
"NT5C3A",8
"PDE6C",8
"PDYN",8
"PHGDH",8
"PIEZO2",8
"PKP2",8
"PLG",8
"POLR3B",8
"PPP2CA",8
"PRF1",8
"PRPF8",8
"RAPSN",8
"RPGRIP1L",8
"SIX1",8
"SLC29A3",8
"SLC2A10",8
"SLC4A4",8
"SLURP1",8
"SMAD4",8
"SMAD6",8
"STAG1",8
"TMPRSS3",8
"TONSL",8
"TPM1",8
"TRRAP",8
"TUBA1A",8
"UPB1",8
"VPS13D",8
"WNT1",8
"ZAP70",8
"ZEB1",8
"ZFPM2",8
"ACOX1",7
"ACY1",7
"BAG3",7
"BUB1B",7
"CALM1",7
"CAMK2A",7
"CDK8",7
"CDKN1C",7
"CFAP410",7
"CFB",7
"CHN1",7
"CHRND",7
"COL11A2",7
"COX10",7
"CPLANE1",7
"CRB2",7
"CRYGD",7
"CYP27A1",7
"DDR2",7
"DEPDC5",7
"DLL4",7
"DNM1L",7
"DPAGT1",7
"EIF2B4",7
"EPHB2",7
"ERCC8",7
"F5",7
"FAT4",7
"FBXL4",7
"FGA",7
"FGB",7
"FGF23",7
"FIG4",7
"FLNC",7
"GCM2",7
"GIPC3",7
"GLI3",7
"GP9",7
"GTPBP3",7
"IDH2",7
"IGF1R",7
"IL10RA",7
"IL17RD",7
"IMPDH1",7
"INPP5K",7
"JAK3",7
"KCNJ5",7
"KCNQ4",7
"KISS1R",7
"MCOLN1",7
"MIP",7
"MITF",7
"MSX1",7
"MUSK",7
"MYBPC1",7
"MYH6",7
"MYOT",7
"NIPAL4",7
"NPC2",7
"NPHP3",7
"NTNG2",7
"PAFAH1B1",7
"PDGFRB",7
"PGM3",7
"POLR1D",7
"PPP3CA",7
"PRKAG2",7
"PROP1",7
"PRRT2",7
"PRSS56",7
"PSEN2",7
"RELN",7
"RNASEH2A",7
"RNASEH2C",7
"SASH1",7
"SCN1B",7
"SEC23B",7
"SH3BP2",7
"SLC6A5",7
"SPRY4",7
"SPTB",7
"SRP54",7
"STAR",7
"STS",7
"TG",7
"TMEM127",7
"TMEM216",7
"TPI1",7
"TRNT1",7
"TRPS1",7
"TSPAN12",7
"TTPA",7
"TWIST1",7
"UBA5",7
"ABCG5",6
"ACTN1",6
"AGPS",6
"AHI1",6
"ALG6",6
"ALOXE3",6
"ANKH",6
"ANTXR2",6
"ARL6",6
"ATN1",6
"ATP1A1",6
"ATP6V0A4",6
"BIN1",6
"BRIP1",6
"C1R",6
"CACNA1S",6
"CAMK2B",6
"CDK13",6
"CFP",6
"CHD4",6
"CHST14",6
"CNTNAP1",6
"COL5A1",6
"COLQ",6
"CRX",6
"CTNND2",6
"CTSK",6
"CYP11A1",6
"CYP11B2",6
"DGUOK",6
"DHCR24",6
"DHX30",6
"DONSON",6
"DSP",6
"EED",6
"EPAS1",6
"ERCC5",6
"F13B",6
"FGF8",6
"FOXE3",6
"FREM1",6
"GABRA1",6
"GATA2",6
"GDF1",6
"GIGYF2",6
"GJB3",6
"GJC2",6
"GRM6",6
"GYS2",6
"HBG2",6
"HESX1",6
"HINT1",6
"HK1",6
"HS6ST1",6
"IHH",6
"ITPR1",6
"JPH2",6
"KARS1",6
"KCNB1",6
"KCNE2",6
"KCNJ18",6
"KCNK3",6
"KLHL7",6
"MAP3K7",6
"MSH6",6
"MTHFD1",6
"MYL2",6
"NAGS",6
"NANS",6
"NDUFAF6",6
"NFIX",6
"OPTN",6
"OTX2",6
"PARK7",6
"PCYT1A",6
"PDE3A",6
"PHF6",6
"PIGB",6
"PRDM12",6
"PROK2",6
"PSAP",6
"PURA",6
"RAC1",6
"RAD51C",6
"RAG2",6
"REEP1",6
"RHAG",6
"RHOBTB2",6
"ROBO3",6
"RP1",6
"RPGRIP1",6
"SCN3A",6
"SDHA",6
"SLC13A5",6
"SLC34A3",6
"SLC39A8",6
"SLC5A7",6
"SPOP",6
"SPTLC1",6
"STAMBP",6
"STRA6",6
"TBX22",6
"TET3",6
"TFAP2B",6
"TNNC1",6
"TRPM6",6
"TRPV6",6
"WASHC5",6
"WDR11",6
"WDR35",6
"ZC4H2",6
"AARS1",5
"AARS2",5
"ACO2",5
"ACTB",5
"AGRN",5
"AKR1D1",5
"ALAD",5
"ALG11",5
"ALG12",5
"AQP5",5
"BCKDHB",5
"BMP4",5
"BMPR1B",5
"BSCL2",5
"C7",5
"CACNA1D",5
"CARD11",5
"CCBE1",5
"CCND2",5
"CD46",5
"CDC45",5
"CDH1",5
"CDON",5
"CDT1",5
"CHST3",5
"CIB2",5
"CLCNKB",5
"CLDN14",5
"CNNM2",5
"COL17A1",5
"CRYAA",5
"CRYAB",5
"CYP19A1",5
"CYP4F22",5
"DDX6",5
"DHX37",5
"DPF2",5
"DPYS",5
"DSC2",5
"DSG2",5
"EIF2B3",5
"EXTL3",5
"FAM111A",5
"FGD1",5
"FLCN",5
"FLI1",5
"FLVCR1",5
"GABRA2",5
"GATA1",5
"GDF3",5
"GHRHR",5
"GJA5",5
"GJB4",5
"GMPPA",5
"GNA11",5
"GPAA1",5
"HADHA",5
"HBB",5
"HNF4A",5
"HSF4",5
"HSPB8",5
"IFNGR2",5
"IFT122",5
"IKZF1",5
"IQSEC2",5
"JAGN1",5
"JAK2",5
"KCNA2",5
"KCND3",5
"KCNMA1",5
"KCNV2",5
"KCTD7",5
"KIF7",5
"KRT13",5
"LBR",5
"LITAF",5
"LRP6",5
"LSS",5
"MAB21L2",5
"MAK",5
"MC1R",5
"MED12",5
"MMAB",5
"MMP13",5
"MTRR",5
"MYH14",5
"MYL3",5
"NLRP1",5
"NR2F2",5
"NUP107",5
"OFD1",5
"OPN1MW",5
"ORAI1",5
"ORC1",5
"OSMR",5
"PDE6A",5
"PGAP2",5
"PIGO",5
"PIWIL1",5
"PLCB4",5
"PLOD1",5
"PMPCB",5
"PNP",5
"POU3F4",5
"PPP1CB",5
"PRKCG",5
"PTH1R",5
"ROR2",5
"RPSA",5
"RTN4R",5
"SAR1B",5
"SCNN1A",5
"SFTPC",5
"SLC12A5",5
"SLC17A5",5
"SLC27A4",5
"SLC2A9",5
"SLC38A8",5
"SLC5A1",5
"SLC5A5",5
"SMAD3",5
"SMARCA4",5
"SMS",5
"SNCA",5
"SPTLC2",5
"STXBP2",5
"SYT1",5
"TACR3",5
"TAF1",5
"TBR1",5
"TCIRG1",5
"TELO2",5
"TGDS",5
"TGIF1",5
"TGM6",5
"TIMP3",5
"TLK2",5
"TMEM240",5
"TNFRSF11A",5
"TNXB",5
"TUBA4A",5
"TUBB",5
"TYMP",5
"UGDH",5
"VPS13A",5
"VPS13B",5
"VSX2",5
"WARS2",5
"WDR62",5
"XPA",5
"ZMIZ1",5
"ZMYND10",5
"ABCA3",4
"ABCB7",4
"ABCC2",4
"ABHD5",4
"ADAM10",4
"AGTPBP1",4
"AHCY",4
"AK1",4
"AKR1C2",4
"AKT1",4
"ALX3",4
"ALX4",4
"ANK2",4
"ANO3",4
"ATP6AP1",4
"ATP6V1A",4
"AXIN1",4
"B3GALNT2",4
"BBS7",4
"BRF1",4
"BSND",4
"CA2",4
"CA4",4
"CARMIL2",4
"CASK",4
"CASQ1",4
"CASQ2",4
"CBL",4
"CDIN1",4
"CELSR1",4
"CHCHD10",4
"CHD1",4
"CHMP2B",4
"CHRNG",4
"CNNM4",4
"CNOT3",4
"COL8A2",4
"COPA",4
"COQ4",4
"CRELD1",4
"CSNK2A1",4
"CSNK2B",4
"CTNNA1",4
"CTSF",4
"CYP24A1",4
"CYP2U1",4
"D2HGDH",4
"DAG1",4
"DEAF1",4
"DEGS1",4
"DICER1",4
"DNAH9",4
"DNM1",4
"DNMT1",4
"DUSP6",4
"ECEL1",4
"EMD",4
"EPB42",4
"ESRRB",4
"EVC",4
"EXOSC3",4
"FAN1",4
"FARS2",4
"FBP1",4
"FDXR",4
"FLRT3",4
"FOXE1",4
"GABBR2",4
"GFM1",4
"GJB6",4
"GLRB",4
"GPR179",4
"GRIA3",4
"GRIA4",4
"GRXCR1",4
"HAL",4
"HAMP",4
"HDAC8",4
"HECW2",4
"HNRNPA1",4
"HOXA13",4
"HSD17B4",4
"IARS1",4
"IL36RN",4
"INPPL1",4
"KCNC3",4
"KCNQ5",4
"KIF11",4
"KIF22",4
"KMT2E",4
"KRT18",4
"LAMB3",4
"LARGE1",4
"LDB3",4
"LHFPL5",4
"LHX4",4
"LIPA",4
"LOX",4
"LYST",4
"MACF1",4
"MAP2K2",4
"MCFD2",4
"MID1",4
"MKRN3",4
"MME",4
"MORC2",4
"MSX2",4
"MTUS1",4
"MYO15A",4
"NAGA",4
"NDST1",4
"NDUFAF1",4
"NEDD4L",4
"NEXN",4
"NFE2L2",4
"NFU1",4
"NODAL",4
"NR2F1",4
"OPN1SW",4
"PAPSS2",4
"PAX4",4
"PAX8",4
"PCARE",4
"PCDH15",4
"PDE10A",4
"PEPD",4
"PEX26",4
"PHKG2",4
"PIGV",4
"PLS1",4
"PMPCA",4
"PNKP",4
"POU3F3",4
"PPP2R1A",4
"PPP2R5D",4
"PRUNE1",4
"PTPN22",4
"QARS1",4
"RAB7A",4
"RAC3",4
"RARB",4
"RASGRP2",4
"RBP4",4
"RCBTB1",4
"REST",4
"RLIM",4
"RORA",4
"RPL10",4
"RRAS2",4
"RSPO4",4
"SEMA4A",4
"SGCG",4
"SH3TC2",4
"SHOX",4
"SIX5",4
"SLC25A38",4
"SLC25A46",4
"SLC39A14",4
"SLC6A1",4
"SLC7A14",4
"SLC9A3R1",4
"SLFN14",4
"SMARCC2",4
"SNRPB",4
"SNX10",4
"SOX4",4
"SPG7",4
"SRGAP1",4
"STING1",4
"SYNGAP1",4
"TAZ",4
"TBL1XR1",4
"TBX1",4
"TBXAS1",4
"TCAP",4
"TFAP2A",4
"TGFB2",4
"THOC2",4
"TINF2",4
"TMEM138",4
"TNFRSF13B",4
"TRAF3IP1",4
"TRAF7",4
"TRAPPC2",4
"TRIP12",4
"TRPV3",4
"TSEN54",4
"TWIST2",4
"UCHL1",4
"VSX1",4
"WDR37",4
"WNK4",4
"WNT4",4
"WNT7A",4
"WRAP53",4
"XPR1",4
"ZBTB20",4
"ZNF644",4
"AAAS",3
"ACP4",3
"ACTL6B",3
"ADK",3
"AFF4",3
"AGPAT2",3
"AKT3",3
"ALB",3
"ALDOA",3
"AMACR",3
"AMELX",3
"AMN",3
"AMPD2",3
"ANK1",3
"ANO5",3
"AP2S1",3
"APOA1",3
"APOB",3
"ARHGEF9",3
"ARL13B",3
"ASNS",3
"BCKDK",3
"BCL11A",3
"BHLHA9",3
"BMP1",3
"C2",3
"C8orf37",3
"CACNA1G",3
"CALM3",3
"CARD9",3
"CASP10",3
"CCM2",3
"CD36",3
"CDC14A",3
"CDH15",3
"CDK4",3
"CEP290",3
"CEP41",3
"CETP",3
"CHM",3
"CHRNB1",3
"CILK1",3
"CIT",3
"CIZ1",3
"CLDN19",3
"CLPP",3
"COL4A2",3
"COLGALT1",3
"COQ6",3
"COX15",3
"CRTAP",3
"CRYBA4",3
"CSF3R",3
"CUL7",3
"CYFIP2",3
"DBH",3
"DBT",3
"DCHS1",3
"DCLRE1C",3
"DIS3L2",3
"DNA2",3
"DNAH1",3
"DNAH11",3
"DNAH17",3
"DNAJB6",3
"DPM1",3
"DPYD",3
"DRAM2",3
"DUOX2",3
"DYM",3
"EDARADD",3
"EDN1",3
"EDN3",3
"EEF1A2",3
"EFEMP2",3
"EFTUD2",3
"EPHA2",3
"ERF",3
"ETFA",3
"ETV6",3
"FA2H",3
"FAM111B",3
"FAM20A",3
"FANCC",3
"FANCD2",3
"FGF17",3
"FKBP10",3
"FMR1",3
"FOXG1",3
"FOXP1",3
"FREM2",3
"FTO",3
"FUCA1",3
"GABRA5",3
"GANAB",3
"GBA2",3
"GCLC",3
"GDF2",3
"GK",3
"GLE1",3
"GLS",3
"GNAT1",3
"GNMT",3
"GNPAT",3
"GNPTG",3
"GNS",3
"GREM2",3
"GRHL3",3
"GRID2",3
"GRM1",3
"GYG1",3
"H3C1",3
"HADH",3
"HAVCR2",3
"HCN4",3
"HES7",3
"HNRNPH2",3
"HPCA",3
"HPD",3
"HR",3
"IGSF1",3
"IL11RA",3
"ING1",3
"INSL3",3
"ITGA3",3
"ITGB6",3
"KANK2",3
"KATNB1",3
"KBTBD13",3
"KCNJ13",3
"KCNN3",3
"KCNN4",3
"KCNQ3",3
"KDM1A",3
"KLKB1",3
"KRT25",3
"KRT74",3
"KRT8",3
"KRT81",3
"LARS2",3
"LIPT1",3
"LIPT2",3
"LMNB2",3
"LPAR6",3
"LRTOMT",3
"MANBA",3
"MAP2K1",3
"MAP3K1",3
"MAPK8IP3",3
"MAPRE2",3
"MATR3",3
"MDH2",3
"MECOM",3
"MECR",3
"MED13",3
"MED13L",3
"MEGF10",3
"MEGF8",3
"MERTK",3
"MFSD2A",3
"MGAT2",3
"MIPEP",3
"MMADHC",3
"MOCOS",3
"MPDU1",3
"MPO",3
"MRAS",3
"MRPS2",3
"MTFMT",3
"MVD",3
"MYCN",3
"MYLK",3
"MYMK",3
"MYO6",3
"NAA10",3
"NARS2",3
"NCAPG2",3
"NDUFAF3",3
"NDUFAF5",3
"NDUFB8",3
"NDUFS2",3
"NDUFS8",3
"NDUFV1",3
"NEK1",3
"NEK8",3
"NEK9",3
"NFIB",3
"NKAP",3
"NLRC4",3
"NOBOX",3
"NOTCH1",3
"NSDHL",3
"NTRK3",3
"NUP133",3
"NUP93",3
"OPN1LW",3
"P2RY12",3
"PADI3",3
"PCBD1",3
"PDZD7",3
"PFN1",3
"PGAM2",3
"PGAP3",3
"PHACTR1",3
"PIBF1",3
"PIK3R2",3
"PJVK",3
"PLEKHG5",3
"PLN",3
"PLOD2",3
"PLPBP",3
"PMP2",3
"PNPO",3
"POGLUT1",3
"POLA1",3
"POLE",3
"POMGNT2",3
"POMK",3
"POP1",3
"PPARG",3
"PRICKLE1",3
"PRMT7",3
"PROM1",3
"PSAT1",3
"PSMB8",3
"PSTPIP1",3
"PTDSS1",3
"PUM1",3
"RAB27A",3
"RAD21",3
"RAD51",3
"RANBP2",3
"RASA1",3
"REEP6",3
"REN",3
"RFT1",3
"RFX6",3
"RIPK1",3
"RIPK4",3
"RLBP1",3
"RNF125",3
"RNF213",3
"SC5D",3
"SCN3B",3
"SCN4B",3
"SEC61A1",3
"SEPSECS",3
"SERAC1",3
"SERPIND1",3
"SGPL1",3
"SHANK3",3
"SIK1",3
"SLC10A7",3
"SLC11A2",3
"SLC16A1",3
"SLC19A2",3
"SLC1A2",3
"SLC25A11",3
"SLC25A20",3
"SLC25A26",3
"SLC26A8",3
"SLC28A1",3
"SLC2A2",3
"SLC45A1",3
"SLC9A3",3
"SMARCB1",3
"SMOC1",3
"SOST",3
"SPECC1L",3
"SPINK1",3
"ST3GAL3",3
"STAG2",3
"SUCLA2",3
"SUCLG1",3
"SUN5",3
"SUZ12",3
"SYNJ1",3
"TCF12",3
"TENM4",3
"TFG",3
"TFR2",3
"TLL1",3
"TMEM165",3
"TMEM199",3
"TMEM43",3
"TMEM63A",3
"TMIE",3
"TMX2",3
"TP53RK",3
"TPK1",3
"TRIM32",3
"TRIM37",3
"TSEN15",3
"TTC37",3
"TUBG1",3
"U2AF1",3
"UBA1",3
"UMPS",3
"USH1G",3
"VAC14",3
"VAMP2",3
"VANGL1",3
"VANGL2",3
"VAPB",3
"VARS2",3
"WWOX",3
"XK",3
"XYLT1",3
"YWHAG",3
"ZFP57",3
"ZMPSTE24",3
"ABL1",2
"ACAN",2
"ACVR2B",2
"ADAMTS18",2
"ADAMTS3",2
"ADCY5",2
"ADGRG6",2
"ADGRV1",2
"ADPRS",2
"AGBL5",2
"AIPL1",2
"AK2",2
"AKT2",2
"ALG13",2
"ALG3",2
"ALG8",2
"ALG9",2
"AMPD1",2
"ANKLE2",2
"ANKS6",2
"ANLN",2
"AP1S3",2
"AP4E1",2
"APOL1",2
"ARF1",2
"ARID1B",2
"ARIH1",2
"ARL3",2
"ATAD3A",2
"ATF6",2
"ATOH7",2
"ATP5F1A",2
"ATP5F1D",2
"ATP6AP2",2
"ATP6V1E1",2
"AVIL",2
"B2M",2
"B3GAT3",2
"B4GALNT1",2
"B4GALT7",2
"B4GAT1",2
"B9D1",2
"BBS5",2
"BCL11B",2
"BGN",2
"BOLA3",2
"BPGM",2
"BPNT2",2
"BPTF",2
"BRPF1",2
"C1GALT1C1",2
"C1QBP",2
"C9",2
"CA12",2
"CAPN5",2
"CBX2",2
"CCDC115",2
"CCDC22",2
"CCNO",2
"CD40",2
"CDC73",2
"CDCA7",2
"CDH3",2
"CEACAM16",2
"CELA2A",2
"CENPE",2
"CEP152",2
"CEP164",2
"CEP83",2
"CERT1",2
"CFD",2
"CHD2",2
"CHKB",2
"CHMP4B",2
"CHRNA4",2
"CHRNB2",2
"CIITA",2
"CLDN10",2
"COA6",2
"COA7",2
"COG4",2
"COL12A1",2
"COL5A2",2
"COLEC11",2
"CORIN",2
"CPA6",2
"CRYBB1",2
"CRYBB3",2
"CRYGC",2
"CSNK1D",2
"CSRP3",2
"CST3",2
"CTH",2
"CTSD",2
"CUL3",2
"CUL4B",2
"CYC1",2
"CYLD",2
"CYP26B1",2
"DCC",2
"DCDC2",2
"DDB2",2
"DDX58",2
"DDX59",2
"DGKE",2
"DHFR",2
"DMXL2",2
"DNAJB11",2
"DOCK2",2
"DOLK",2
"DPH1",2
"DSTYK",2
"DYNC2LI1",2
"DYRK1B",2
"DZIP1L",2
"EDNRA",2
"EGLN1",2
"EIF2AK4",2
"EIF2B1",2
"EIF4G1",2
"ELOVL5",2
"EMC1",2
"EML1",2
"EMP2",2
"ENAM",2
"ENO3",2
"EOGT",2
"EPG5",2
"ERBB4",2
"ERCC3",2
"ESPN",2
"ESR1",2
"ETFB",2
"EVC2",2
"EXOSC2",2
"EXOSC8",2
"EYA4",2
"FAM126A",2
"FANCI",2
"FERMT1",2
"FGD4",2
"FGF10",2
"FGF3",2
"FOXN1",2
"FOXRED1",2
"FTCD",2
"FTL",2
"FZD2",2
"GABRB1",2
"GALM",2
"GATA3",2
"GCNT2",2
"GDI1",2
"GDNF",2
"GFI1",2
"GFM2",2
"GHSR",2
"GINS1",2
"GLDN",2
"GLI2",2
"GLRX5",2
"GLUL",2
"GM2A",2
"GNAL",2
"GNB4",2
"GP1BB",2
"GP6",2
"GPHN",2
"GRHL2",2
"GRK1",2
"GSN",2
"GSTZ1",2
"GTF2E2",2
"GUCY2C",2
"H6PD",2
"HARS2",2
"HAX1",2
"HEPHL1",2
"HFM1",2
"HNMT",2
"HNRNPDL",2
"HOGA1",2
"HPGD",2
"HPS5",2
"HRG",2
"HSD3B7",2
"HSPA9",2
"HSPD1",2
"HTRA2",2
"HTT",2
"IER3IP1",2
"IFT43",2
"IFT80",2
"IGSF10",2
"IL2RA",2
"IL6ST",2
"IMPG2",2
"INVS",2
"IQSEC1",2
"IRAK4",2
"IRF1",2
"IRF8",2
"IRS1",2
"IRX5",2
"IYD",2
"JAM3",2
"KCNK4",2
"KDM6B",2
"KDR",2
"KERA",2
"KHK",2
"KIF14",2
"KIF2A",2
"KIF5C",2
"KLF11",2
"KLHL10",2
"KRIT1",2
"KRT3",2
"KRT83",2
"LAGE3",2
"LCT",2
"LDHD",2
"LDLRAP1",2
"LEP",2
"LGI4",2
"LHX3",2
"LIG4",2
"LINGO1",2
"LIPC",2
"LIPH",2
"LRIT3",2
"LRRC6",2
"LYZ",2
"MAN1B1",2
"MASP2",2
"MCIDAS",2
"MED25",2
"MEF2C",2
"MINPP1",2
"MKS1",2
"MMP2",2
"MOCS2",2
"MOGS",2
"MPC1",2
"MSMO1",2
"MTHFS",2
"MTMR14",2
"MTR",2
"MYD88",2
"MYH8",2
"MYLK2",2
"MYORG",2
"MYOZ2",2
"MYRF",2
"NAXD",2
"NAXE",2
"NDUFA1",2
"NDUFA9",2
"NDUFAF4",2
"NDUFS1",2
"NDUFS3",2
"NEUROD1",2
"NEUROD2",2
"NEUROG3",2
"NHEJ1",2
"NHP2",2
"NIN",2
"NIPA1",2
"NLGN3",2
"NOL3",2
"NSMCE3",2
"NSMF",2
"NTN1",2
"NUBPL",2
"NUP214",2
"NUP85",2
"NUS1",2
"OGT",2
"OPA3",2
"OTULIN",2
"P2RX2",2
"P4HA2",2
"PADI6",2
"PAK1",2
"PAK3",2
"PANX1",2
"PARD3",2
"PARN",2
"PATL2",2
"PCGF2",2
"PCSK1",2
"PDGFB",2
"PDGFRA",2
"PDHB",2
"PDXK",2
"PEX16",2
"PEX3",2
"PEX5",2
"PEX7",2
"PHOX2B",2
"PHYKPL",2
"PIGC",2
"PIGS",2
"PIGU",2
"PIGW",2
"PIK3R1",2
"PLA2G5",2
"PLA2G7",2
"PLAA",2
"PLCD1",2
"PLEC",2
"PNKD",2
"PNPT1",2
"POLD1",2
"POLG2",2
"POLR1A",2
"POLR2A",2
"PPCS",2
"PQBP1",2
"PRCD",2
"PRDM6",2
"PRKD1",2
"PRKDC",2
"PRLR",2
"PRPF3",2
"PRPF31",2
"PRPF4",2
"PSPH",2
"PTH",2
"PTHLH",2
"PYCR2",2
"PYGL",2
"PYROXD1",2
"QRSL1",2
"RAB11B",2
"RAB23",2
"RAB33B",2
"RAB39B",2
"RARS1",2
"RAX2",2
"RBCK1",2
"RBPJ",2
"REEP2",2
"REPS1",2
"RHBDF2",2
"RHOA",2
"RINT1",2
"RNASEH1",2
"RNF13",2
"RNF216",2
"ROBO2",2
"RP1L1",2
"RP9",2
"RPL5",2
"RPS23",2
"RPS26",2
"RPS29",2
"RTTN",2
"RUNX1",2
"RXYLT1",2
"S1PR2",2
"SARDH",2
"SBDS",2
"SBF1",2
"SCN10A",2
"SCN2B",2
"SCRIB",2
"SDHAF1",2
"SDR9C7",2
"SEC24D",2
"SELENBP1",2
"SEPTIN12",2
"SEPTIN9",2
"SERPINA6",2
"SERPINI1",2
"SET",2
"SETD2",2
"SFTPA2",2
"SGCD",2
"SHOC2",2
"SLC10A2",2
"SLC12A1",2
"SLC13A3",2
"SLC17A9",2
"SLC18A3",2
"SLC19A3",2
"SLC1A4",2
"SLC24A4",2
"SLC25A12",2
"SLC25A19",2
"SLC25A24",2
"SLC26A1",2
"SLC30A10",2
"SLC30A2",2
"SLC33A1",2
"SLC35A2",2
"SLC35C1",2
"SLC36A2",2
"SLC6A17",2
"SLC6A3",2
"SLC6A6",2
"SLITRK1",2
"SMARCD1",2
"SMARCE1",2
"SNTA1",2
"SOS2",2
"SOX11",2
"SOX17",2
"SOX18",2
"SPARC",2
"SPR",2
"SPRED1",2
"SPTBN2",2
"STAT5B",2
"STN1",2
"STOX1",2
"STX1B",2
"SUFU",2
"SYNE1",2
"SYT2",2
"TAB2",2
"TAC3",2
"TAF13",2
"TAF6",2
"TARS1",2
"TBC1D8B",2
"TBCK",2
"TBX18",2
"TBX20",2
"TBX3",2
"TBX4",2
"TEX11",2
"TF",2
"THRA",2
"THSD1",2
"TKFC",2
"TMC1",2
"TMEM231",2
"TMEM98",2
"TMTC3",2
"TNC",2
"TNNT3",2
"TOP3A",2
"TOR1A",2
"TPRKB",2
"TRAF3IP2",2
"TRHR",2
"TRIM71",2
"TRIP11",2
"TRMT10C",2
"TRMT5",2
"TRMU",2
"TSFM",2
"TUBB2A",2
"TUBB4A",2
"TUBB4B",2
"TYRP1",2
"UBE2A",2
"UFC1",2
"UFSP2",2
"UNC80",2
"UROC1",2
"VCL",2
"VPS33B",2
"VPS45",2
"WDR36",2
"WDR4",2
"WNT10B",2
"WNT5A",2
"WRN",2
"XPC",2
"XRCC4",2
"YARS1",2
"YARS2",2
"YY1",2
"ZBTB11",2
"ZDHHC9",2
"ZEB2",2
"ZNF142",2
"ZNF408",2
"ZNF423",2
"ABAT",1
"ABCA7",1
"ABCD4",1
"ABHD12",1
"ABRAXAS1",1
"ACADSB",1
"ACD",1
"ACER3",1
"ACOX2",1
"ACSL4",1
"ACTL6A",1
"ADAMTS10",1
"ADAT3",1
"ADCY6",1
"ADD3",1
"ADGRB2",1
"ADGRE2",1
"ADIPOQ",1
"ADSS1",1
"AGBL1",1
"AGGF1",1
"AGL",1
"AGO1",1
"AGT",1
"AGTR1",1
"AIP",1
"AK7",1
"AKAP9",1
"ALDH4A1",1
"ALDH6A1",1
"ALG14",1
"ALG2",1
"AMMECR1",1
"ANO10",1
"ANXA11",1
"AP1B1",1
"AP2M1",1
"AP3B1",1
"APCDD1",1
"APOC2",1
"APOC3",1
"APPL1",1
"ARHGAP26",1
"ARHGEF10",1
"ARHGEF18",1
"ARL2BP",1
"ARMC4",1
"ARSG",1
"ARV1",1
"ASH1L",1
"ASPH",1
"ATCAY",1
"ATG16L1",1
"ATG5",1
"ATIC",1
"ATL3",1
"ATP11C",1
"ATP2A1",1
"ATP2B3",1
"ATP5F1E",1
"ATP6V1B2",1
"ATP8A2",1
"ATPAF2",1
"ATR",1
"AUH",1
"B9D2",1
"BAAT",1
"BACH2",1
"BANF1",1
"BBS9",1
"BCO1",1
"BCOR",1
"BDNF",1
"BFSP1",1
"BFSP2",1
"BICC1",1
"BMPER",1
"BMS1",1
"BNC2",1
"BRWD3",1
"BVES",1
"C12orf4",1
"C12orf57",1
"C1orf194",1
"C1QB",1
"C1QC",1
"C1QTNF5",1
"C1S",1
"C2CD3",1
"CA5A",1
"CA8",1
"CABP4",1
"CACNA2D2",1
"CACNB4",1
"CACNG2",1
"CAD",1
"CAMK2G",1
"CAPN1",1
"CARS2",1
"CASP8",1
"CASZ1",1
"CBLIF",1
"CCDC88C",1
"CCNK",1
"CCT5",1
"CD207",1
"CD27",1
"CD55",1
"CD59",1
"CD79B",1
"CD8A",1
"CD96",1
"CDC42",1
"CDC6",1
"CDHR1",1
"CDK6",1
"CEBPA",1
"CENPJ",1
"CEP120",1
"CERKL",1
"CERS1",1
"CFAP300",1
"CFC1",1
"CFL2",1
"CHCHD2",1
"CHRDL1",1
"CHRNA2",1
"CHST8",1
"CHSY1",1
"CLCC1",1
"CLCF1",1
"CLCNKA",1
"CLIC2",1
"CLMP",1
"CLP1",1
"CLPX",1
"CLTC",1
"CNGA1",1
"CNGB1",1
"CNOT1",1
"COA5",1
"COASY",1
"COG2",1
"COG6",1
"COL25A1",1
"COL27A1",1
"COL4A6",1
"COL9A2",1
"COL9A3",1
"COLEC10",1
"COQ7",1
"CORO1A",1
"COX20",1
"COX4I2",1
"COX5A",1
"COX6B1",1
"CPAMD8",1
"CPN1",1
"CPT1C",1
"CRADD",1
"CRBN",1
"CRIPT",1
"CRNN",1
"CRYBA2",1
"CRYGS",1
"CRYM",1
"CSF2RA",1
"CSNK1G1",1
"CSTB",1
"CTBP1",1
"CTCF",1
"CTLA4",1
"CTNNA3",1
"CUBN",1
"CUX2",1
"CYB561",1
"CYB5A",1
"CYCS",1
"CYP2R1",1
"DACT1",1
"DCAF8",1
"DCPS",1
"DDHD2",1
"DDOST",1
"DDX11",1
"DDX41",1
"DHDDS",1
"DHH",1
"DHPS",1
"DHTKD1",1
"DHX16",1
"DHX38",1
"DIABLO",1
"DIAPH1",1
"DLL1",1
"DLL3",1
"DLST",1
"DLX5",1
"DMGDH",1
"DNAAF1",1
"DNAAF3",1
"DNAAF5",1
"DNAAF6",1
"DNAI1",1
"DNAJB13",1
"DNAJB2",1
"DNAJC12",1
"DNAJC21",1
"DNAJC5",1
"DNAJC6",1
"DNAL1",1
"DOCK8",1
"DPM2",1
"DPM3",1
"DPP6",1
"DSE",1
"DYNC1I2",1
"DYNC2I1",1
"ECE1",1
"ECM1",1
"EDC3",1
"EEF2",1
"EFEMP1",1
"EGF",1
"EGFR",1
"EHHADH",1
"EHMT1",1
"EIF2AK3",1
"EIF2S3",1
"EIF3F",1
"EIF4A3",1
"ELMOD3",1
"ELOVL1",1
"ELOVL4",1
"ELP1",1
"EMG1",1
"ENTPD1",1
"EP300",1
"EPB41L1",1
"EPCAM",1
"EPO",1
"EPOR",1
"EPRS1",1
"EPX",1
"ERAL1",1
"ERBB3",1
"ERCC1",1
"ERLIN1",1
"ERMARD",1
"ESCO2",1
"ESR2",1
"ESRP1",1
"EXOSC9",1
"FADD",1
"FAM83H",1
"FANCG",1
"FAR1",1
"FASLG",1
"FBXL3",1
"FBXO32",1
"FBXO38",1
"FBXO7",1
"FCGR3A",1
"FDPS",1
"FDX2",1
"FEZF1",1
"FGF12",1
"FGF14",1
"FGF16",1
"FGF5",1
"FGF9",1
"FGFR4",1
"FITM2",1
"FLAD1",1
"FOXC2",1
"FOXP2",1
"FRMPD4",1
"FRZB",1
"FSHB",1
"FUT8",1
"FXYD2",1
"FYCO1",1
"FZD6",1
"GAB1",1
"GABRB2",1
"GABRD",1
"GAD1",1
"GAL",1
"GAS8",1
"GATAD1",1
"GFER",1
"GLYCTK",1
"GMNN",1
"GNAI3",1
"GNAQ",1
"GNB5",1
"GOSR2",1
"GOT2",1
"GPC3",1
"GPD1",1
"GPR101",1
"GPR68",1
"GPRASP2",1
"GPT2",1
"GRAP",1
"GRIK2",1
"GRIN2D",1
"GRN",1
"GSR",1
"GSX2",1
"GTF2H5",1
"GUCA1B",1
"GUF1",1
"HABP2",1
"HCCS",1
"HCFC1",1
"HCRT",1
"HERC1",1
"HERC2",1
"HIBCH",1
"HIKESHI",1
"HMCN1",1
"HNRNPA2B1",1
"HOMER2",1
"HOXA2",1
"HOXB1",1
"HOXB13",1
"HOXD10",1
"HP",1
"HPS3",1
"HSPB3",1
"HSPG2",1
"HYAL1",1
"HYLS1",1
"IBA57",1
"IDH3B",1
"IFITM5",1
"IFT27",1
"IFT52",1
"IFT81",1
"IGKC",1
"IGLL1",1
"IKBKB",1
"IL12RB1",1
"IL17F",1
"IL21",1
"IL21R",1
"IL2RB",1
"IL31RA",1
"IL7R",1
"ILDR1",1
"IMPG1",1
"INAVA",1
"ING3",1
"INTS1",1
"INTS8",1
"IRF2BP2",1
"IRF2BPL",1
"IRF3",1
"IRF7",1
"ISCA2",1
"ITGA8",1
"ITK",1
"ITM2B",1
"ITPA",1
"ITPR2",1
"KCNC1",1
"KCND2",1
"KCNJ6",1
"KCNJ8",1
"KCNK9",1
"KCNT2",1
"KCTD17",1
"KDSR",1
"KIAA0586",1
"KIF1B",1
"KIF1C",1
"KIF3C",1
"KISS1",1
"KITLG",1
"KL",1
"KLF1",1
"KLHL41",1
"KNL1",1
"KREMEN1",1
"KRT4",1
"KRT6B",1
"KRT6C",1
"KRT71",1
"KRT75",1
"KRT85",1
"KYNU",1
"LACC1",1
"LAMA4",1
"LAMC3",1
"LAMP2",1
"LARS1",1
"LCK",1
"LEFTY2",1
"LEMD2",1
"LFNG",1
"LHB",1
"LIAS",1
"LIFR",1
"LIM2",1
"LIPI",1
"LMAN1",1
"LMAN2L",1
"LMOD3",1
"LMX1A",1
"LPIN2",1
"LRAT",1
"LRBA",1
"LRP1",1
"LRP2",1
"LRPPRC",1
"LRRC56",1
"LRSAM1",1
"LTBP2",1
"LTBP4",1
"LYRM4",1
"LYRM7",1
"LZTFL1",1
"MAD2L2",1
"MAFA",1
"MAG",1
"MAGED2",1
"MAGT1",1
"MALT1",1
"MAOA",1
"MAP3K20",1
"MAPK8IP1",1
"MAPKAPK3",1
"MARK3",1
"MARS2",1
"MAST1",1
"MBTPS1",1
"MCM2",1
"MCM5",1
"MCM8",1
"MCPH1",1
"MDH1",1
"MED17",1
"MED23",1
"MEIOB",1
"MFAP5",1
"MFRP",1
"MGME1",1
"MIB1",1
"MID2",1
"MLPH",1
"MMP14",1
"MOG",1
"MPLKIP",1
"MRE11",1
"MRM2",1
"MRPL3",1
"MRPL44",1
"MRPS14",1
"MRPS22",1
"MRPS23",1
"MRPS34",1
"MRPS7",1
"MSH5",1
"MSN",1
"MSRB3",1
"MST1R",1
"MSTO1",1
"MTMR2",1
"MTO1",1
"MTPAP",1
"MXI1",1
"MXRA5",1
"MYF5",1
"MYH10",1
"MYH11",1
"MYH2",1
"MYL1",1
"MYL4",1
"MYO1E",1
"MYO1F",1
"MYSM1",1
"NACC1",1
"NBN",1
"NCAPD3",1
"NCAPH",1
"NCF1",1
"NCF4",1
"NCSTN",1
"NDUFA10",1
"NDUFA13",1
"NDUFA6",1
"NDUFAF7",1
"NDUFB11",1
"NDUFB3",1
"NDUFB9",1
"NDUFS4",1
"NDUFS6",1
"NDUFS7",1
"NECTIN4",1
"NFKBIA",1
"NGF",1
"NOP10",1
"NOTCH2",1
"NPHP1",1
"NPPA",1
"NPRL2",1
"NSUN2",1
"NT5E",1
"NTRK2",1
"NUP155",1
"NUP205",1
"NUP62",1
"NUP88",1
"OCLN",1
"OPCML",1
"ORC4",1
"ORC6",1
"OTOG",1
"P3H2",1
"P4HB",1
"P4HTM",1
"PACS1",1
"PACS2",1
"PALB2",1
"PAM16",1
"PAX1",1
"PAX5",1
"PAX7",1
"PAX9",1
"PCK1",1
"PCNA",1
"PDE1C",1
"PDE8B",1
"PDGFRL",1
"PDK3",1
"PDSS1",1
"PDSS2",1
"PER2",1
"PEX10",1
"PEX12",1
"PEX13",1
"PEX2",1
"PHC1",1
"PHF8",1
"PHKA1",1
"PHKB",1
"PHOX2A",1
"PI4KA",1
"PIGG",1
"PIGH",1
"PIGL",1
"PIGN",1
"PIGP",1
"PIGT",1
"PIGY",1
"PIK3CD",1
"PIK3R5",1
"PIKFYVE",1
"PIP5K1C",1
"PITPNM3",1
"PITX1",1
"PITX3",1
"PKD1L1",1
"PLA2G4A",1
"PLCE1",1
"PLCG2",1
"PLCZ1",1
"PLD1",1
"PLEKHG2",1
"PLOD3",1
"PLVAP",1
"PNLIP",1
"PNPLA1",1
"PNPLA2",1
"POC1A",1
"POC1B",1
"POF1B",1
"POGZ",1
"POU6F2",1
"PPIB",1
"PPIP5K2",1
"PPP1R15B",1
"PPP1R3A",1
"PPP2R2B",1
"PRDM16",1
"PRDM5",1
"PRDM8",1
"PRKACA",1
"PRKACG",1
"PRKG1",1
"PRKRA",1
"PRPF6",1
"PRRX1",1
"PRX",1
"PSMB9",1
"PTPRQ",1
"PTRH2",1
"PUF60",1
"PUS1",1
"PUS7",1
"PXDN",1
"RAB18",1
"RAB3GAP2",1
"RAB40AL",1
"RABL3",1
"RAC2",1
"RALGAPA1",1
"RASGRP1",1
"RAX",1
"RBBP8",1
"RBM28",1
"RBP3",1
"RDX",1
"RECQL4",1
"RFWD3",1
"RFX5",1
"RFXANK",1
"RGR",1
"RGS9",1
"RIC1",1
"RIMS1",1
"RMND1",1
"RNASET2",1
"RNF170",1
"RNPC3",1
"ROBO4",1
"ROR1",1
"RORB",1
"RORC",1
"RPIA",1
"RPL11",1
"RPL13",1
"RPL21",1
"RPL35A",1
"RSPH1",1
"RSPH4A",1
"RSPO2",1
"RSPRY1",1
"RTN2",1
"RTN4IP1",1
"RXFP2",1
"SALL4",1
"SAMD9L",1
"SARS1",1
"SARS2",1
"SASS6",1
"SCARB2",1
"SCARF2",1
"SCO1",1
"SDHAF2",1
"SEC23A",1
"SECISBP2",1
"SELENOI",1
"SERPINF2",1
"SERPINH1",1
"SETD5",1
"SFTPB",1
"SGO1",1
"SH3PXD2B",1
"SHROOM4",1
"SIGMAR1",1
"SIK3",1
"SKIV2L",1
"SLC17A8",1
"SLC18A2",1
"SLC1A1",1
"SLC1A3",1
"SLC22A18",1
"SLC25A13",1
"SLC25A21",1
"SLC25A22",1
"SLC25A3",1
"SLC25A32",1
"SLC25A42",1
"SLC2A4",1
"SLC34A2",1
"SLC39A5",1
"SLC44A4",1
"SLC5A2",1
"SLC6A2",1
"SLC6A9",1
"SLC9A1",1
"SLC9A6",1
"SLC9A7",1
"SMAD9",1
"SMARCC1",1
"SMO",1
"SMPD4",1
"SNAP25",1
"SNIP1",1
"SNRPE",1
"SPART",1
"SPATA16",1
"SPEG",1
"SPG11",1
"SPINT2",1
"SPRTN",1
"SPRY2",1
"SRC",1
"SRP72",1
"SSUH2",1
"ST14",1
"STAC3",1
"STIL",1
"STK10",1
"STT3A",1
"SUGCT",1
"SYNE2",1
"SYP",1
"SYT14",1
"SZT2",1
"TAF2",1
"TANGO2",1
"TAPT1",1
"TARS2",1
"TAT",1
"TBCE",1
"TBX19",1
"TBX2",1
"TBXA2R",1
"TBXT",1
"TCF20",1
"TCOF1",1
"TCTN3",1
"TDO2",1
"TDP1",1
"TEAD1",1
"TECR",1
"TFAM",1
"TFRC",1
"TGFB3",1
"TGM5",1
"THG1L",1
"THOC6",1
"TIA1",1
"TICAM1",1
"TIMM8A",1
"TJP2",1
"TKT",1
"TLE6",1
"TLR3",1
"TMEM106B",1
"TMEM107",1
"TMEM126B",1
"TMEM132E",1
"TMEM70",1
"TMLHE",1
"TNFAIP3",1
"TNFRSF4",1
"TNFSF11",1
"TNNI2",1
"TNNI3K",1
"TNPO3",1
"TOP2B",1
"TPH2",1
"TRAF3",1
"TRAIP",1
"TRAPPC11",1
"TRAPPC2L",1
"TRDN",1
"TREM2",1
"TRIM2",1
"TRIM36",1
"TRIM44",1
"TRIOBP",1
"TRIT1",1
"TRMT10A",1
"TRPA1",1
"TRPC3",1
"TSEN2",1
"TSEN34",1
"TSPAN7",1
"TSR2",1
"TTC12",1
"TTC21A",1
"TTI2",1
"TTLL5",1
"TUBB1",1
"TUBB6",1
"TUFM",1
"UBE2T",1
"UBE3B",1
"UBQLN4",1
"UBTF",1
"UCP3",1
"UFM1",1
"UGP2",1
"UNC119",1
"UNC45B",1
"UNC5C",1
"UNG",1
"UPF3B",1
"UQCC3",1
"UQCRC2",1
"UQCRFS1",1
"UQCRQ",1
"USP27X",1
"USP9X",1
"UVSSA",1
"VAX1",1
"VIM",1
"VPS11",1
"VPS13C",1
"VPS16",1
"VPS33A",1
"VPS35",1
"VPS37A",1
"VPS51",1
"VPS53",1
"VWA3B",1
"WARS1",1
"WASHC4",1
"WBP2",1
"WDFY3",1
"WDPCP",1
"WDR81",1
"WEE2",1
"WIPI2",1
"XDH",1
"XPNPEP3",1
"XRCC1",1
"XRCC3",1
"XYLT2",1
"YME1L1",1
"ZBTB16",1
"ZBTB24",1
"ZBTB42",1
"ZCCHC8",1
"ZFHX2",1
"ZFYVE27",1
"ZIC1",1
"ZNF141",1
"ZNF335",1
"ZNF513",1
"ZNF687",1
"ZNF711",1
"ZNHIT3",1
"ZP3",1
"ZSWIM6",1
